ID	Name	CampaignID	Holders
1	Shadowy Super-Coder	91	0x55a0e991015d9d00067f6dfca8c0e1bebef68cd5
4	Shadowy Super-Coder	91	0x7a1057e6e9093da9c1d4c1d049609b6889fc4c67
5	Shadowy Super-Coder	91	0xe9b3c292904114e6e6f04a363ae4c0f800f3236d
11	Shadowy Super-Coder	91	0xf9ab2ef128d856339ad2c258cdaa14a22c662a14
21	Shadowy Super-Coder	91	0x1cbf903de5d688eda7d6d895ea2f0a8f2a521e99
38	Shadowy Super-Coder	91	0x2963b4311e07da3d9c50f2e1eb14659e42e3f4a9
41	Shadowy Super-Coder	91	0x0c626d209ee582042b9c5bd0238c398d5189cc51
48	Shadowy Super-Coder	91	0x0a690b298f84d12414f5c8db7de1ece5a4605877
54	Shadowy Super-Coder	91	0xf7dbfe7dcfba501464008554e7c5edde8ab7b0ff
60	Shadowy Super-Coder	91	0x8a7f7c5b556b1298a74c0e89df46eba117a2f6c1
61	Shadowy Super-Coder	91	0x341a38b69a6b8f00fad4eed3a2b8528e3fed07ff
72	Shadowy Super-Coder	91	0xbfe9e1a7582df5663452d52bc422c8e6138fcf0e
73	Shadowy Super-Coder	91	0xa45beafdc1faea2b668ea95725239ca287a9b310
84	Shadowy Super-Coder	91	0x69c62363f5bd1a4505d2bcefa886468478a74b91
89	Shadowy Super-Coder	91	0x60b6a57b71f23a8c602ed71b60272fda321d2666
91	Shadowy Super-Coder	91	0x79b0749eb0c2912e0a5cfab822d08efe8f9ad813
93	Shadowy Super-Coder	91	0x683a78ba1f6b25e29fbbc9cd1bfa29a51520de84
94	Shadowy Super-Coder	91	0x9556e1711ec7bd368441eeb4d3c4cced15e19add
96	Shadowy Super-Coder	91	0x19327c8fc14585b075b98583613f5e46488e4c7f
103	Shadowy Super-Coder	91	0x6e80c53f2cdcad7843ad765e4918298427aac550
105	Shadowy Super-Coder	91	0xe95ab07a55e8489fe8e81e3281c8b3fd95c7d8af
115	Shadowy Super-Coder	91	0xb2166664cbe8975174fe23f2b1a42a3300607e54
127	Shadowy Super-Coder	91	0x00d46d105507a04d7e4592cf43bbbad964bc77ab
131	Shadowy Super-Coder	91	0x9492510bbcb93b6992d8b7bb67888558e12dcac4
136	Shadowy Super-Coder	91	0x2c84547f7076c4d834f14c5b2ff627f1913291e4
140	Shadowy Super-Coder	91	0x548c690f898bee888240bd217302d60bcdf2b4d7
144	Shadowy Super-Coder	91	0xd33bd4c311428c00a74542e274821c4fb492233c
146	Shadowy Super-Coder	91	0xd1f60ebec593289daba5f5ecba16a906f9d7a8bc
151	Shadowy Super-Coder	91	0x93a6beb51ea19803237437c5142bfb09f2ba9a01
153	Shadowy Super-Coder	91	0x2c621c09ef04e781091c9bdc64b030463694e612
160	Shadowy Super-Coder	91	0xd4be33f3b778f0bb9bc447e38e45a16a9b33a3ea
161	Shadowy Super-Coder	91	0x760d390b5ef85138d428f5e8c98b60d0d45055a2
164	Shadowy Super-Coder	91	0xf521bb7437bec77b0b15286dc3f49a87b9946773
176	Shadowy Super-Coder	91	0x5bb3e1774923b75ecb804e2559149bbd2a39a414
180	Shadowy Super-Coder	91	0xb0215fcee8e046a8e9fca14ab79fa6ed38dcb59b
182	Shadowy Super-Coder	91	0xd88e19da5bd6c8442c4c58d175b52e0104130815
184	Shadowy Super-Coder	91	0xddd7ca4e8e1d36ff7ebf3242811a28c75704f490
188	Shadowy Super-Coder	91	0x426b3affbbe924e01575d5b3cb9dc640625bbb49
191	Shadowy Super-Coder	91	0x4825f4c1b651ece01955f2f6f80e4f33862d1837
200	Shadowy Super-Coder	91	0xb97f41cc340899dba210bdcc86a912ef100efe96
204	Shadowy Super-Coder	91	0xf71e9c766cdf169edfbe2749490943c1dc6b8a55
206	Shadowy Super-Coder	91	0xf459b83f676467e55ed557a45b1e64569450f051
228	Shadowy Super-Coder	91	0xae95df36ccddf74cfe7f8463c52777fb8c9fddbb
230	Shadowy Super-Coder	91	0xebc49937580148249b11f3592d95adb5f0757c01
237	Shadowy Super-Coder	91	0x19f12c947d25ff8a3b748829d8001ca09a28d46d
238	Shadowy Super-Coder	91	0xeaa11e489dbb1073fd5a9732c9c1bcaf48a7abb9
251	Shadowy Super-Coder	91	0xa4949f7e21ead47d704500daa8fdb36f827bfaf6
254	Shadowy Super-Coder	91	0xc3774af3452628636d031544d1e8893c3d8701ab
257	Shadowy Super-Coder	91	0xaa9e20bab58d013220d632874e9fe44f8f971e4d
258	Shadowy Super-Coder	91	0x9e3c40045a3503b33bfedaea0bf6981120e8c753
262	Shadowy Super-Coder	91	0xee4a9ab62c66c7a96e5e30717a8a91fcc2e52d42
265	Shadowy Super-Coder	91	0x20ee60d761de96b1e7fa4ebdfef5700e9844955a
266	Shadowy Super-Coder	91	0x3f3d2e428017a756b97920044457e99ce364fc38
268	Shadowy Super-Coder	91	0xd3d555bb655acba9452bfc6d7cea8cc7b3628c55
269	Shadowy Super-Coder	91	0x610c92c70eb55dfeafe8970513d13771da79f2e0
272	Shadowy Super-Coder	91	0x8456dc5a43bd6dd43c1ba283e202d5a8d67fad7b
275	Shadowy Super-Coder	91	0x69bdb276a17dd90f9d3a545944ccb20e593ae8e3
286	Shadowy Super-Coder	91	0xe3a1340be2b4c8de9e20ab185cff37480521d9af
296	Shadowy Super-Coder	91	0x4536aa47822864868e8057ae89e1220a570dfce6
299	Shadowy Super-Coder	91	0x037ea234207d23a14d1c155fd58b57655a338a17
300	Shadowy Super-Coder	91	0x4b5922abf25858d012d12bb1184e5d3d0b6d6be4
308	Shadowy Super-Coder	91	0x27286ab9f2fc5e068a36896ba3b2a1d5ec55b3e4
313	Shadowy Super-Coder	91	0xc6bb36839636241e032404c143dc656993e26a82
316	Shadowy Super-Coder	91	0x6d5d7d0c6b2d64b23b64ac9834eb474a4b2a8842
319	Shadowy Super-Coder	91	0xd5c6e4e364eba38e705b1f83c9c6836ae127b5d7
320	Shadowy Super-Coder	91	0x63c67ba2aa323e47edddb3952990cf41768a679c
321	Shadowy Super-Coder	91	0x84276411bdd77c0120e7943d762d76b88aa2b5be
326	Shadowy Super-Coder	91	0xc25a67941ae0897933fc9abd6862dc7c34d49155
330	Shadowy Super-Coder	91	0x84276411bdd77c0120e7943d762d76b88aa2b5be
332	Shadowy Super-Coder	91	0x0b0b977facc378365e9aedbe0bc28ee6cd7f09ed
350	Shadowy Super-Coder	91	0x5293c92107eac18672036d66641fb363b7494b58
353	Shadowy Super-Coder	91	0x966da064e49f63d84d636d5a694038d831c75051
357	Shadowy Super-Coder	91	0xa6df4fcb1ca559155a678e9aff5de3f210c0ff84
358	Shadowy Super-Coder	91	0x0206e1db86b852a4d1dd5926ab07b2f9117fa115
362	Shadowy Super-Coder	91	0xe384719e13842c91f6720d832b557ed92e9461b4
371	Shadowy Super-Coder	91	0x4237c8ae1b27581e86c809093c6e39c664b9beef
372	Shadowy Super-Coder	91	0x6bf95ba9bfa7e522d0a492f95f8f06978aeef263
377	Shadowy Super-Coder	91	0x1f6abf0431e20d7be372fa300eae471ea1c0b49c
380	Shadowy Super-Coder	91	0x9b5ae497fd1bf885a40d6f99d0c57245761e053c
382	Shadowy Super-Coder	91	0x83c1eedd3e0b10aa3ee6b9b89a43baea03e292f6
390	Shadowy Super-Coder	91	0x63581507bf4444b062685b6c1898f8c5cd57bffc
394	Shadowy Super-Coder	91	0xc0fcf8403e10b65f1d18f1b81b093004b1127275
395	Shadowy Super-Coder	91	0x595fe42383a783180a0f77ed672efa0090d7623a
400	Shadowy Super-Coder	91	0xa7123ce5f501b6ddff8eb323378dff744f21c359
402	Shadowy Super-Coder	91	0xbc4774a3357f87c52a292378bf4296b292459147
404	Shadowy Super-Coder	91	0xce20d01e96710885db68ecd7cdd2423293f15130
414	Shadowy Super-Coder	91	0x4bfc3b8c82909ad224d1e2c0305fa5bfab1e7f1c
421	Shadowy Super-Coder	91	0xb2d3731fd28309c399774fb26f993697c174f451
435	Shadowy Super-Coder	91	0x57a2995b9edadce5c1282702b238e1616745a5e3
436	Shadowy Super-Coder	91	0xf5c28f689283213533d11c34ae77c6855c160c31
438	Shadowy Super-Coder	91	0xd0c81e82abddf29c6505d660f5bebe60cdff03c5
441	Shadowy Super-Coder	91	0x4f9dfef24e6c5109a7869981f3ffdd865c8546a5
443	Shadowy Super-Coder	91	0xfc143f933badbefe4e769047745cc23e02de0e90
447	Shadowy Super-Coder	91	0x0969a43951cda021a72b1eb8e5db620491c5740c
451	Shadowy Super-Coder	91	0x955bca16442365a93e4fa98a48a5a9328aed26c7
452	Shadowy Super-Coder	91	0xafe87013dc96ede1e116a288d80fcaa0effe5fe5
457	Shadowy Super-Coder	91	0xc3774af3452628636d031544d1e8893c3d8701ab
463	Shadowy Super-Coder	91	0x8f54c8c2df62c94772ac14ccfc85603742976312
465	Shadowy Super-Coder	91	0x9fc5341db9a9cdf8337b4bd286d4cfc03b20ad35
473	Shadowy Super-Coder	91	0x1c0aa8ccd568d90d61659f060d1bfb1e6f855a20
488	Shadowy Super-Coder	91	0x39cab0734bd8275768b5f83df2f0a33d8f0e2cb7
489	Shadowy Super-Coder	91	0x86601ae7c5275a025c2c8c15940eb8d967975130
490	Shadowy Super-Coder	91	0x26042eb2f06d419093313ae2486fb40167ba349c
492	Shadowy Super-Coder	91	0x0ffba2fb7828242d0f60db4c0aef40ff6b6319e4
501	Shadowy Super-Coder	91	0xaac0aa431c237c2c0b5f041c8e59b3f1a43ac78f
504	Shadowy Super-Coder	91	0x5f799f365fa8a2b60ac0429c48b153ca5a6f0cf8
513	Shadowy Super-Coder	91	0x309321439dc3f69ed3f09d76435debc677858a56
514	Shadowy Super-Coder	91	0x3bcfa9357ab84baec04313650d0eebb3fd51070d
519	Shadowy Super-Coder	91	0x8376e7bca6bc2ddfe4dfdb2b79d9833ba4196a51
525	Shadowy Super-Coder	91	0xd7b3b50977a5947774bfc46b760c0871e4018e97
533	Shadowy Super-Coder	91	0x9972d940c9a23f84fcf92867d18f28d75d010e5e
535	Shadowy Super-Coder	91	0x8f83eb7abb2bcf57347298d9bf09a2d284190643
537	Shadowy Super-Coder	91	0xa9613b2f2f9023b4439daa19665e87efd8a808aa
539	Shadowy Super-Coder	91	0x6e5739f868875f32ed1f662429af922cda4667ed
540	Shadowy Super-Coder	91	0x31efd75bc0b5fbafc6015bd50590f4fdab6a3f22
571	Shadowy Super-Coder	91	0x5f2f98ce4fbf1740c1c720f2863308cf43549d8d
575	Shadowy Super-Coder	91	0xeff8670ff8b9a6b31586f0b6d491a3800edb2d88
581	Shadowy Super-Coder	91	0x69a5c0db191697d11b0ac5637c3445d38af4b15b
583	Shadowy Super-Coder	91	0xa38445311ccd04a54183cdd347e793f4d548df3f
586	Shadowy Super-Coder	91	0xc280ac0b1b91d1d9cc1fe42f7725d053fd7b4978
593	Shadowy Super-Coder	91	0x9c79dc0edd49caa9da6b704339dacedb45acbe3f
596	Shadowy Super-Coder	91	0xd0ac3af3a31d277c1c9f66215a5f7c6a80a7f217
597	Shadowy Super-Coder	91	0xf15968a096fc8f47650001585d23bee819b5affb
598	Shadowy Super-Coder	91	0x0421e65c75587f87e0fc48097706076763e186c9
599	Shadowy Super-Coder	91	0x4ff54c42b286c5bfe0fb173289c0a3a7aaba4ce3
605	Shadowy Super-Coder	91	0x922640d7d4b1b0f4ad18ac46e5ccceee151be3f3
615	Shadowy Super-Coder	91	0x2d0d6a8553993a3e9ed1d86415358d1edefa82f1
617	Shadowy Super-Coder	91	0x236eccab8cdcfedb099de85c4060024ba3ce4d46
623	Shadowy Super-Coder	91	0x3685db4239b91816e268e815f9c7bdf41cd1917e
637	Shadowy Super-Coder	91	0x6a7eb27407a50a4eb9d015ea2b0f2e1bcc724461
639	Shadowy Super-Coder	91	0x197939c1ca20c2b506d6811d8b6cdb3394471074
652	Shadowy Super-Coder	91	0x183b0f3ec66bb40975a0bcaea833b1df24700b02
659	Shadowy Super-Coder	91	0x88669cab4d04f203825fca7745003f9db973a502
678	Shadowy Super-Coder	91	0x6e4d3a8ba7759788c57bed0b0e3ab9caa5a54cb2
683	Shadowy Super-Coder	91	0x27ba8ea487b3654e4cf2968fa102802b5b181b42
688	Shadowy Super-Coder	91	0x1a7cc5173484a1abd1dbc194fb2051a2cab2d2cf
693	Shadowy Super-Coder	91	0xc39bf343cfc1083497549d7f10468769becc79e4
695	Shadowy Super-Coder	91	0x8b8231ec17a3eaa8d61009af5c1cefce5a39d597
698	Shadowy Super-Coder	91	0x3d9e1003164d96ef2ed0ff5d68dfc7a74473604d
702	Shadowy Super-Coder	91	0x8db6b632d743aef641146dc943acb64957155388
711	Shadowy Super-Coder	91	0x25633425f460dba51056ee13eb1b5841219a9cb9
737	Shadowy Super-Coder	91	0x9c767de6cf356dc7f9b6ce22bc3ff0fadc4bd168
740	Shadowy Super-Coder	91	0x88baa8e1555a3cfeb125ef3da3d5e88e633f865d
742	Shadowy Super-Coder	91	0x7e4a8391c728fed9069b2962699ab416628b19fa
747	Shadowy Super-Coder	91	0x671d6ad129b3fbddd8d33bc0cfd80f65be7741b5
749	Shadowy Super-Coder	91	0xae9b102741a1b60c221e39cd9526ab38c9865ab3
753	Shadowy Super-Coder	91	0x72bed203c9a5eff37e1f55be91f742def6e0e5c7
754	Shadowy Super-Coder	91	0xfddfe525054efaad204600d00ca86adb1cc2ea8a
756	Shadowy Super-Coder	91	0x2b384212edc04ae8bb41738d05ba20e33277bf33
760	Shadowy Super-Coder	91	0x5da976176cb76b45dabd8d7c92b7fe7e7b8d53df
763	Shadowy Super-Coder	91	0x4051bbd5ffc8eb319bc6a60cc9ca828d6effac2c
767	Shadowy Super-Coder	91	0x1bdf168333c18d2562a108b71dc3a786a9ff351e
770	Shadowy Super-Coder	91	0x0734d56da60852a03e2aafae8a36ffd8c12b32f1
777	Shadowy Super-Coder	91	0xea7934b84b4b421ec922ccdb7aef8b5973fac662
778	Shadowy Super-Coder	91	0x08cbf077180d45868cc04d8c053ec37025545933
783	Shadowy Super-Coder	91	0xaa3fb2ddd24338cfbc99cff126a04824b06fdda2
785	Shadowy Super-Coder	91	0x18691f528659d0abd08f79498dcc7b6fbdc1e91d
788	Shadowy Super-Coder	91	0x546e9c14c368538c1528a2e1c5f14768780483d9
790	Shadowy Super-Coder	91	0x38502343cd16fe739ca18bdec7857aeb775f0411
791	Shadowy Super-Coder	91	0x47a44ae76b63b562a1764f6032241d9ba8e11c56
797	Shadowy Super-Coder	91	0x427ceb53c3532835ccfdbbe4c533286e15d3576e
807	Shadowy Super-Coder	91	0x040d4205b3b23151c5df8076c15ce830332b97fd
811	Shadowy Super-Coder	91	0x695375090c1e9ca67f1495528162f055ed7630c5
822	Shadowy Super-Coder	91	0x496e0fb39d646a4be80e85844d355d38f7570417
830	Shadowy Super-Coder	91	0x5eb71caeadf22107a578bc5261ec9a1e16fad5f8
836	Shadowy Super-Coder	91	0xfe45ab17919759cfa2ce35215ead5ca4d1fc73c7
848	Shadowy Super-Coder	91	0x43189898d712df36d37c41d2897843482f729c65
851	Shadowy Super-Coder	91	0x0c1bd9c2019e206963a886a2c1e7a0f11a0b634e
857	Shadowy Super-Coder	91	0xadff3ada12ed0f8a87e31e5a04dfd2ee054e1118
858	Shadowy Super-Coder	91	0x7a1d27e928ccfeaa2c5182031aeb6f2ecb07ea13
864	Shadowy Super-Coder	91	0x07a59461f6d849cfb1f7e27288501a4c7370e006
892	Shadowy Super-Coder	91	0x52b8398551bb1d0bdc022355897508f658ad42f8
902	Shadowy Super-Coder	91	0x3c0a3d1994c567fd4bf17dc5858ec84ff1f87501
910	Shadowy Super-Coder	91	0xc9e3eb04aae820a1aa77789e699e7c433f75e216
932	Shadowy Super-Coder	91	0xd64c6d86b93ecc73b85bb97bb01fc3d9fa20d672
936	Shadowy Super-Coder	91	0xe5442814c0d31bf9f67676b72838c0e64e9c7b4e
940	Shadowy Super-Coder	91	0x6b523cd4fcdf3332bcb3177050e22cf7272b4c3a
941	Shadowy Super-Coder	91	0x19627796b318e27c333530ad67c464cfc37596ec
963	Shadowy Super-Coder	91	0x000001f568875f378bf6d170b790967fe429c81a
969	Shadowy Super-Coder	91	0x52386be2397e8eac26298f733b390684203fb580
972	Shadowy Super-Coder	91	0xc12a058d09ee4c08e1fb005fd358b6484e78c73b
974	Shadowy Super-Coder	91	0xd8282a355383a6513eccc8a16f990ba0026c2d1a
978	Shadowy Super-Coder	91	0x0daef89a7d468ef86fcb6df8cbe5d3e9ff4355f4
980	Shadowy Super-Coder	91	0xb30a2fc1bfd4406ddc3291e84c24055143d2d77e
982	Shadowy Super-Coder	91	0xfe95c45e4d5d476c75a8c2ead0229c5cbf1f3aa9
983	Shadowy Super-Coder	91	0xba262a49004931bd65f077a045aeef8c5978376b
985	Shadowy Super-Coder	91	0xda25ee226e534d868f0dd8a459536b03fee9079b
987	Shadowy Super-Coder	91	0xd72a5ed0e7824dce63148c6b27bf8176f282665f
991	Shadowy Super-Coder	91	0x9896b4a12dced61b1b0cb75dca3a1fd069b4daec
1005	Shadowy Super-Coder	91	0xda4d69117136ddeed2139bd96c1226b53be23d95
1013	Shadowy Super-Coder	91	0x71232ead3bec1ac03ecfe2556acd6c7d0bd349c7
1025	Shadowy Super-Coder	91	0x46cf7ddb8bc751f666f691a4f96aa45e88d55d11
1030	Shadowy Super-Coder	91	0x50dc1047114f5f97eaa612bf1d67235d89a2ed9d
1036	Shadowy Super-Coder	91	0x4ef9a651f8656def8454178406eeae16fb7ca458
1047	Shadowy Super-Coder	91	0xbafa0ecd146c524bf4033b2ec04cb5774b08f75d
1050	Shadowy Super-Coder	91	0xef38f892e4722152fd8edb50cd84a96344fd47ce
1060	Shadowy Super-Coder	91	0x81b2587f04ddf814094ab88efdd4f29ee3407437
1063	Shadowy Super-Coder	91	0x1e1fedbeb8ce004a03569a3ff03a1317a6515cf1
1071	Shadowy Super-Coder	91	0xb62553b53bf024039c75c9f4252e27f260109ca1
1078	Shadowy Super-Coder	91	0x3c642dbe203df5847886c809f5a65a41c7fa4896
1086	Shadowy Super-Coder	91	0xf843c6ffd80855c09d640b0b54305258748f88c9
1088	Shadowy Super-Coder	91	0x35d803f11e900fb6300946b525f0d08d1ffd4bed
1096	Shadowy Super-Coder	91	0xe6dbd9495b077a63807e7b17fb45751545910894
1102	Shadowy Super-Coder	91	0xc73add416e2119d20ce80e0904fc1877e33ef246
1103	Shadowy Super-Coder	91	0x00000444e5a1a667663b0adfd853e8efa0470698
1108	Shadowy Super-Coder	91	0x4b9ee53b17bca029fe2bb2a9af7e1332bbd021ba
1112	Shadowy Super-Coder	91	0x8f493c12c4f5ff5fd510549e1e28ea3dd101e850
1115	Shadowy Super-Coder	91	0xc27c4f22e5b181bc2841f13a5b8e1b5b2a6f0f5e
1119	Shadowy Super-Coder	91	0xebfe65b40a155350fd5f1af092b7b00ffc6ecbcd
1125	Shadowy Super-Coder	91	0xab8bf2758d0b3c46684ee05e55c298e3c4f6dbd5
1135	Shadowy Super-Coder	91	0xd2553382a60f121d9b1e35cfc9ebf4870fbcc96f
1149	Shadowy Super-Coder	91	0x057fcd7bd66e0b0e7cbf387d12b2a49a20d30922
1157	Shadowy Super-Coder	91	0x81b55fbe66c5ffbb8468328e924af96a84438f14
1159	Shadowy Super-Coder	91	0xc7b42f99c63126b22858f4eed636f805cfe82c91
1164	Shadowy Super-Coder	91	0xeb369f468d91e575fd30712a0abfcf99fdf75e30
1180	Shadowy Super-Coder	91	0x8aa20898869651247677e6224d55b2d05538c7bd
1190	Shadowy Super-Coder	91	0x8999795ac7e72fca9abbaae2b3ae55b2dee1114d
1194	Shadowy Super-Coder	91	0xbbd0deabf6cb96be0a74b0f93a7372c69cae6d97
1196	Shadowy Super-Coder	91	0xaefa4117ddaae44b1d214158b5c72ad009915f1a
1201	Shadowy Super-Coder	91	0x1d60c34f508bbbd7f1cb50b375c4cdd25e718d1c
1210	Shadowy Super-Coder	91	0x0b0b191fe5f328a042b17e702125989271bbb077
1213	Shadowy Super-Coder	91	0xfabae3330992f4ccb388497bc44d03dc897cca84
1218	Shadowy Super-Coder	91	0x11e52c75998fe2e7928b191bfc5b25937ca16741
1223	Shadowy Super-Coder	91	0xc37f3a8c511329c9028b8d82f491847256b56de7
1225	Shadowy Super-Coder	91	0x000000000cc7e508b4b115e64d71ef374cfb7703
1236	Shadowy Super-Coder	91	0x930a7cd60a633128b7c5181307781e6d033ba51a
1237	Shadowy Super-Coder	91	0x652bdc496aa7b35c7cc3e5ea1b236999890e0840
1258	Shadowy Super-Coder	91	0x1874fc5f915aa9fd24c379fe7f9ec40607cef78a
1264	Shadowy Super-Coder	91	0x22ee350346f93b9191af9a70cffa8c5746bdfd14
1268	Shadowy Super-Coder	91	0xbb1a65333ea8947b5e0b2a7e349412840571f333
1269	Shadowy Super-Coder	91	0xa5d681324f58a3db74b9c1cf8e94364d807c3d20
1274	Shadowy Super-Coder	91	0xebf115ddbbb0a05d80a704c70f61ee20cb6b781b
1282	Shadowy Super-Coder	91	0x71c05a4ea5e9d5b1ac87bf962a043f5265d4bdc8
1290	Shadowy Super-Coder	91	0x789c9bda2c17f13d725f4fbd70cf892395788e29
1297	Shadowy Super-Coder	91	0x9544ade6a50f4c945de0fc267aefcedcd9ba702d
1302	Shadowy Super-Coder	91	0x11b1cc658af56f51f45e33cf2b661a3cdaa12fac
1306	Shadowy Super-Coder	91	0x9650f4fedd1e6ce63621479a4bf5f4d743e6f958
1310	Shadowy Super-Coder	91	0x0aad2e12d09c8bc50f34b3f8f70c6cc1e346424d
1333	Shadowy Super-Coder	91	0x75d4bdbf6593ed463e9625694272a0ff9a6d346f
1334	Shadowy Super-Coder	91	0x01e7f16e17c50d070eb66787f25ce3be405d6038
1336	Shadowy Super-Coder	91	0xdef1b9be18cd90cf82fa250bc9e9fa94ad96f463
1342	Shadowy Super-Coder	91	0xb01a058ce53b72f9d34d81eea198d8c75fce0274
1344	Shadowy Super-Coder	91	0x20fe4b1ed95911487499e53355bb8f14a881d735
1346	Shadowy Super-Coder	91	0x2c3febbd385467da7fedb88ca6dbfa317dc492f7
1348	Shadowy Super-Coder	91	0x0842e03208a927e0fbe9b0d0b7e65c7927132b6d
1351	Shadowy Super-Coder	91	0x55d302aa585aca508a090bafddc7b3a71459f4e6
1375	Shadowy Super-Coder	91	0x5ad9bef3b91cd68c45d0dc9b0e713b0693abe807
1378	Shadowy Super-Coder	91	0xa8dd9a671d64db4380aca5af8976ae6f863ff169
1387	Shadowy Super-Coder	91	0x6dc4b37ad025441ebc092f0f53ca6933fa1a3511
1389	Shadowy Super-Coder	91	0x9be82c0e5b75c53f32e63b40442e9da8cca06f21
1392	Shadowy Super-Coder	91	0x8771379b3f9810ba928ac73ee7f0b4a86e9d18f2
1396	Shadowy Super-Coder	91	0x77a22740a5b4e6f23df9c7a7bf0c3246150463d2
1401	Shadowy Super-Coder	91	0xb7a0946b3057148d0618b7c1857127bbddad8940
1409	Shadowy Super-Coder	91	0xde0809d2eb69b68b878aca0edb0e353be0d03cf6
1416	Shadowy Super-Coder	91	0x522e39e92f976ef26cf71d8aa6f0f10ba6879233
1423	Shadowy Super-Coder	91	0x29a9c76ad091c015c12081a1b201c3ea56884579
1427	Shadowy Super-Coder	91	0x0ede4523d0ad50ff840be95dd680704f761c1e06
1437	Shadowy Super-Coder	91	0x0be0ecc301a1c0175f07a66243cff628c24db852
1442	Shadowy Super-Coder	91	0x0571325cd46718cd9445f082332a4fd9a21b8498
1444	Shadowy Super-Coder	91	0xa496e57c3c33b3d8f139fbe6a78d35648acbc443
1451	Shadowy Super-Coder	91	0x39114401dc41aa0aedb4e263c4c763784dee7170
1455	Shadowy Super-Coder	91	0x71b1739c7f3582ceca073e75eabf16aab254509e
1461	Shadowy Super-Coder	91	0x74ef70357ef21bad2b45795679f2727c48d501ed
1482	Shadowy Super-Coder	91	0xb67cff0ed07a50f690638731dce80bc4fe312c83
1501	Shadowy Super-Coder	91	0x2e5d207a4c0f7e7c52f6622dcc6eb44bc0fe1a13
1513	Shadowy Super-Coder	91	0xdde553b4fc83eaa9802ecf7fe35f7701bfc7ce56
1530	Shadowy Super-Coder	91	0x3028a98c2a858928d9abb09f4db9786e3906add4
1533	Shadowy Super-Coder	91	0x8c54085ad729fde488338fc50cfc8dfd5e2b5b89
1539	Shadowy Super-Coder	91	0xe62e49f5f8da2da0c3d05ac395d18d7005d6e25d
1543	Shadowy Super-Coder	91	0xe7e7fc27ae4a9cd1ede050978189623d730f23d7
1563	Shadowy Super-Coder	91	0xf84b938e3b753ce0cd93cdeb1b79a5ad35c2d795
1590	Shadowy Super-Coder	91	0xbbbb16f443f17d3781e8df7dee708efafce15d17
1591	Shadowy Super-Coder	91	0x00fe4c20335a78abf60128c5f0a375a09d5b64e7
1635	Shadowy Super-Coder	91	0xcd5bb5e0d06f52363cebbfe1f104b64fb4c44028
1643	Shadowy Super-Coder	91	0x89768ca7e116d7971519af950dbbdf6e80b9ded1
1663	Shadowy Super-Coder	91	0xedb997d696891c004922886f89890dcd168b0e29
1670	Shadowy Super-Coder	91	0x056c57efb4a6e45b4242933cc46df7d69676537e
1679	Shadowy Super-Coder	91	0x7521a523787ed81722cf676a2574f2cebca7e68f
1688	Shadowy Super-Coder	91	0xc41f0d959d171945fca88045843901d650892b3e
1689	Shadowy Super-Coder	91	0x8390fb38f6f647a4da128b3142485a583a2712d7
1691	Shadowy Super-Coder	91	0x522e39e92f976ef26cf71d8aa6f0f10ba6879233
1692	Shadowy Super-Coder	91	0x522e39e92f976ef26cf71d8aa6f0f10ba6879233
1694	Shadowy Super-Coder	91	0x522e39e92f976ef26cf71d8aa6f0f10ba6879233
1695	Shadowy Super-Coder	91	0x522e39e92f976ef26cf71d8aa6f0f10ba6879233
1717	Shadowy Super-Coder	91	0x9740cd40296744a0ae2afd115933a791da4c2ad8
1723	Shadowy Super-Coder	91	0xb5f5c57335828e382723d68afc907c8e03146855
1728	Shadowy Super-Coder	91	0x9056a0bd6916b5898fd714581824e2d9d892876e
1730	Shadowy Super-Coder	91	0xb6aca4425cb8eb541267f17597cea2ee244e4f10
1739	Shadowy Super-Coder	91	0x1d94c4dec11b4b6b6d9392e8e9f369a8a1713ea6
1742	Shadowy Super-Coder	91	0xefd67615d66e3819539021d40e155e1a6107f283
1785	Shadowy Super-Coder	91	0x3773cde58cea9503e31f77bc85592c9a578af7c9
1790	Shadowy Super-Coder	91	0x302f30b077253cc405038138ecf6b5080966fee1
1795	Shadowy Super-Coder	91	0x29d181df13ebae44983b488e290463c60323679c
